driver_id,driver_name,driver_contact_number,driver_license_number,vehicle_id,vehicle_type,vehicle_registration_number,driver_status,current_location_latitude,current_location_longitude
ca753409-27e2-481f-9bb8-bdd036f8816d,Nicholas Evans,+1-831-897-6205x9616,1910633274,129835,Truck,77449840,Offline,9.776417,33.613743
5033c886-9644-4e1c-8d4c-da9633a8e9d6,Laura Kirk MD,331-608-6840x666,4927261837,833126,Truck,44208708,Available,52.349509,35.386592
997ff3a7-cbd3-41b9-9fae-dae714081a7a,Wendy Stone,(576)235-7553x729,3069270304,800565,Truck,48412789,Available,-12.9010255,49.787063
2485a8d9-7bb4-4604-b84f-7f05b390f605,Pamela Lopez,(358)525-3234x13105,1631366824,391509,Van,5854326,Available,71.9834975,147.971952
ec4ad8a9-22c0-40d0-ae15-6a9b23bef971,Joanna Mcgrath,001-892-519-8037x8986,1482982672,785135,Car,68738209,Offline,-22.275707,14.906871
