driver_id,driver_name,driver_contact_number,driver_license_number,vehicle_id,vehicle_type,vehicle_registration_number,driver_status,current_location_latitude,current_location_longitude
85464196-1224-4093-b9f0-fee388817759,William Evans,478.468.7706x9314,9778983070,377702,Truck,18611455,Busy,10.4513985,-110.348534
f39ad1e3-c271-4ca8-8272-11a90fca83cf,Kathleen Berry,873.967.8425x67324,968499998,164769,Truck,45764302,Offline,29.473531,-157.279794
04c9ccff-1d5f-42fe-b408-59ad863b2c25,Emma Cameron,001-708-954-8359,79309286,143345,Truck,66590215,Offline,29.824562,154.466329
75a8072f-fcf3-4e31-aa29-1638f770aa43,Anthony Harris,379.861.0177,7099770054,964990,Car,41430363,Offline,-9.4518805,-103.308328
bfc4a816-3f39-46a5-b8db-7d91405d8faa,Ashley Rosario,001-944-875-4017x0458,855989750,878092,Truck,3732101,Offline,35.148305,-129.125247
